age,income,score,zipcode,city,extra_data
34.0,0.8125,0.39999999999999947,90210,Beverly,
45.0,0.625,1.0,10001,New York,42.0
29.0,0.0,0.39999999999999947,60614,Chicago,
50.0,1.0,0.0,94103,SF,
38.0,0.625,0.7999999999999998,73301,Austin,
41.0,0.4375,0.20000000000000018,94105,San Francisco,
